[{"model": "mailing.client", "pk": 2, "fields": {"first_name": "iaiznura@yandex.ru", "last_name": null, "email": "iaiznura@yandex.ru", "comment": "Тестовый пользователь", "owner": 1, "is_active": true}}, {"model": "mailing.client", "pk": 3, "fields": {"first_name": "Жоп", "last_name": "Жопов", "email": null, "comment": "вредный", "owner": 4, "is_active": true}}, {"model": "mailing.client", "pk": 4, "fields": {"first_name": "Дыр", "last_name": "Дыркин", "email": null, "comment": "ну и ну", "owner": null, "is_active": true}}, {"model": "mailing.client", "pk": 6, "fields": {"first_name": "iaiznura@gmail.com", "last_name": null, "email": "iaiznura@gmail.com", "comment": "test", "owner": null, "is_active": true}}, {"model": "mailing.mailing", "pk": 5, "fields": {"date_of_creation": "2023-06-26T18:32:46Z", "start_date": "2023-06-27", "end_date": null, "frequency": "один раз", "status": "Запущена", "title": "Матный мат", "owner": null, "is_active": true, "clients": [3, 2]}}, {"model": "mailing.mailing", "pk": 6, "fields": {"date_of_creation": "2023-06-26T18:58:22Z", "start_date": "2023-06-27", "end_date": null, "frequency": "раз в неделю", "status": "Запущена", "title": "Формсетное", "owner": null, "is_active": true, "clients": [4, 3, 2]}}, {"model": "mailing.mailing", "pk": 7, "fields": {"date_of_creation": "2023-06-26T18:58:37Z", "start_date": "2023-06-27", "end_date": "2023-07-02", "frequency": "раз в месяц", "status": "Завершена", "title": "Третья тестовая", "owner": null, "is_active": false, "clients": [3]}}, {"model": "mailing.mailing", "pk": 11, "fields": {"date_of_creation": "2023-06-27T11:45:56.649Z", "start_date": "2023-06-27", "end_date": "2024-06-27", "frequency": "раз в день", "status": "Завершена", "title": "Тестовая", "owner": null, "is_active": true, "clients": [6]}}, {"model": "mailing.mailing", "pk": 12, "fields": {"date_of_creation": "2023-06-27T13:40:19.718Z", "start_date": "2023-06-27", "end_date": "2024-06-27", "frequency": "раз в неделю", "status": "Создана", "title": "Пост с мемами", "owner": null, "is_active": false, "clients": [4, 3]}}, {"model": "mailing.mailing", "pk": 19, "fields": {"date_of_creation": "2023-06-28T18:18:35.768Z", "start_date": "2023-06-28", "end_date": "2024-06-27", "frequency": "раз в день", "status": "Завершена", "title": "Попытка а", "owner": 1, "is_active": true, "clients": [6]}}, {"model": "mailing.mailing", "pk": 20, "fields": {"date_of_creation": "2023-07-02T19:07:23.076Z", "start_date": "2023-07-02", "end_date": "2024-06-27", "frequency": "раз в день", "status": "Запущена", "title": "Проверка функции отправки", "owner": 1, "is_active": true, "clients": [6, 2]}}, {"model": "mailing.message", "pk": 1, "fields": {"subject": "Тестовое сообщение", "message": "Приходи к нам за бесплатным чем-то", "date_of_creation": "2023-06-26T18:37:39Z", "mailing": 5}}, {"model": "mailing.message", "pk": 3, "fields": {"subject": "777777777777", "message": "77777777777777", "date_of_creation": "2023-06-26T19:57:16Z", "mailing": 6}}, {"model": "mailing.message", "pk": 5, "fields": {"subject": "Привет", "message": "Првиет", "date_of_creation": "2023-06-27T11:45:34Z", "mailing": 11}}, {"model": "mailing.message", "pk": 6, "fields": {"subject": "11", "message": "11", "date_of_creation": "2023-06-27T13:40:02Z", "mailing": 12}}, {"model": "mailing.message", "pk": 8, "fields": {"subject": "Попробуем через консоль", "message": "Попробуем через консоль", "date_of_creation": "2023-06-28T18:18:05Z", "mailing": 19}}, {"model": "mailing.message", "pk": 9, "fields": {"subject": "Пробуем пробуем", "message": "Пробуем пробуем", "date_of_creation": "2023-07-02T19:13:23Z", "mailing": 20}}, {"model": "mailing.attempt", "pk": 1, "fields": {"mailing": 11, "time_of_sent": "2023-06-28T17:57:40.760Z", "status": "delivered", "response": "Письмо успешно отправлено"}}, {"model": "mailing.attempt", "pk": 2, "fields": {"mailing": 5, "time_of_sent": "2023-06-28T21:15:18.807Z", "status": "not_delivered", "response": "'Mailing' object has no attribute 'comment'"}}, {"model": "mailing.attempt", "pk": 3, "fields": {"mailing": 5, "time_of_sent": "2023-06-28T21:15:18.818Z", "status": "not_delivered", "response": "'Mailing' object has no attribute 'comment'"}}, {"model": "mailing.attempt", "pk": 4, "fields": {"mailing": 6, "time_of_sent": "2023-06-28T21:15:18.820Z", "status": "not_delivered", "response": "'Mailing' object has no attribute 'comment'"}}, {"model": "mailing.attempt", "pk": 5, "fields": {"mailing": 6, "time_of_sent": "2023-06-28T21:15:18.821Z", "status": "not_delivered", "response": "'Mailing' object has no attribute 'comment'"}}, {"model": "mailing.attempt", "pk": 6, "fields": {"mailing": 6, "time_of_sent": "2023-06-28T21:15:18.822Z", "status": "not_delivered", "response": "'Mailing' object has no attribute 'comment'"}}, {"model": "mailing.attempt", "pk": 7, "fields": {"mailing": 7, "time_of_sent": "2023-06-28T21:15:18.823Z", "status": "not_delivered", "response": "'Mailing' object has no attribute 'comment'"}}, {"model": "mailing.attempt", "pk": 8, "fields": {"mailing": 7, "time_of_sent": "2023-06-28T21:15:18.824Z", "status": "not_delivered", "response": "'Mailing' object has no attribute 'comment'"}}, {"model": "mailing.attempt", "pk": 17, "fields": {"mailing": 11, "time_of_sent": "2023-06-28T21:15:18.834Z", "status": "not_delivered", "response": "'Mailing' object has no attribute 'comment'"}}, {"model": "mailing.attempt", "pk": 18, "fields": {"mailing": 5, "time_of_sent": "2023-06-28T18:17:15.381Z", "status": "not_delivered", "response": "'Mailing' object has no attribute 'comment'"}}, {"model": "mailing.attempt", "pk": 19, "fields": {"mailing": 5, "time_of_sent": "2023-06-28T18:17:15.383Z", "status": "not_delivered", "response": "'Mailing' object has no attribute 'comment'"}}, {"model": "mailing.attempt", "pk": 20, "fields": {"mailing": 6, "time_of_sent": "2023-06-28T18:17:15.384Z", "status": "not_delivered", "response": "'Mailing' object has no attribute 'comment'"}}, {"model": "mailing.attempt", "pk": 21, "fields": {"mailing": 6, "time_of_sent": "2023-06-28T18:17:15.385Z", "status": "not_delivered", "response": "'Mailing' object has no attribute 'comment'"}}, {"model": "mailing.attempt", "pk": 22, "fields": {"mailing": 6, "time_of_sent": "2023-06-28T18:17:15.386Z", "status": "not_delivered", "response": "'Mailing' object has no attribute 'comment'"}}, {"model": "mailing.attempt", "pk": 23, "fields": {"mailing": 7, "time_of_sent": "2023-06-28T18:17:15.387Z", "status": "not_delivered", "response": "'Mailing' object has no attribute 'comment'"}}, {"model": "mailing.attempt", "pk": 24, "fields": {"mailing": 7, "time_of_sent": "2023-06-28T18:17:15.388Z", "status": "not_delivered", "response": "'Mailing' object has no attribute 'comment'"}}, {"model": "mailing.attempt", "pk": 33, "fields": {"mailing": 11, "time_of_sent": "2023-06-28T18:17:15.396Z", "status": "not_delivered", "response": "'Mailing' object has no attribute 'comment'"}}, {"model": "mailing.attempt", "pk": 34, "fields": {"mailing": 5, "time_of_sent": "2023-06-28T18:18:41.244Z", "status": "not_delivered", "response": "'Mailing' object has no attribute 'comment'"}}, {"model": "mailing.attempt", "pk": 35, "fields": {"mailing": 5, "time_of_sent": "2023-06-28T18:18:41.246Z", "status": "not_delivered", "response": "'Mailing' object has no attribute 'comment'"}}, {"model": "mailing.attempt", "pk": 36, "fields": {"mailing": 6, "time_of_sent": "2023-06-28T18:18:41.247Z", "status": "not_delivered", "response": "'Mailing' object has no attribute 'comment'"}}, {"model": "mailing.attempt", "pk": 37, "fields": {"mailing": 6, "time_of_sent": "2023-06-28T18:18:41.248Z", "status": "not_delivered", "response": "'Mailing' object has no attribute 'comment'"}}, {"model": "mailing.attempt", "pk": 38, "fields": {"mailing": 6, "time_of_sent": "2023-06-28T18:18:41.249Z", "status": "not_delivered", "response": "'Mailing' object has no attribute 'comment'"}}, {"model": "mailing.attempt", "pk": 39, "fields": {"mailing": 7, "time_of_sent": "2023-06-28T18:18:41.250Z", "status": "not_delivered", "response": "'Mailing' object has no attribute 'comment'"}}, {"model": "mailing.attempt", "pk": 40, "fields": {"mailing": 7, "time_of_sent": "2023-06-28T18:18:41.251Z", "status": "not_delivered", "response": "'Mailing' object has no attribute 'comment'"}}, {"model": "mailing.attempt", "pk": 49, "fields": {"mailing": 11, "time_of_sent": "2023-06-28T18:18:41.259Z", "status": "not_delivered", "response": "'Mailing' object has no attribute 'comment'"}}, {"model": "mailing.attempt", "pk": 50, "fields": {"mailing": 19, "time_of_sent": "2023-06-28T18:18:41.260Z", "status": "not_delivered", "response": "'Mailing' object has no attribute 'comment'"}}, {"model": "mailing.attempt", "pk": 51, "fields": {"mailing": 5, "time_of_sent": "2023-06-28T18:20:05.124Z", "status": "not_delivered", "response": "'Mailing' object has no attribute 'comment'"}}, {"model": "mailing.attempt", "pk": 52, "fields": {"mailing": 5, "time_of_sent": "2023-06-28T18:20:05.126Z", "status": "not_delivered", "response": "'Mailing' object has no attribute 'comment'"}}, {"model": "mailing.attempt", "pk": 53, "fields": {"mailing": 6, "time_of_sent": "2023-06-28T18:20:05.127Z", "status": "not_delivered", "response": "'Mailing' object has no attribute 'comment'"}}, {"model": "mailing.attempt", "pk": 54, "fields": {"mailing": 6, "time_of_sent": "2023-06-28T18:20:05.128Z", "status": "not_delivered", "response": "'Mailing' object has no attribute 'comment'"}}, {"model": "mailing.attempt", "pk": 55, "fields": {"mailing": 6, "time_of_sent": "2023-06-28T18:20:05.129Z", "status": "not_delivered", "response": "'Mailing' object has no attribute 'comment'"}}, {"model": "mailing.attempt", "pk": 56, "fields": {"mailing": 7, "time_of_sent": "2023-06-28T18:20:05.130Z", "status": "not_delivered", "response": "'Mailing' object has no attribute 'comment'"}}, {"model": "mailing.attempt", "pk": 57, "fields": {"mailing": 7, "time_of_sent": "2023-06-28T18:20:05.130Z", "status": "not_delivered", "response": "'Mailing' object has no attribute 'comment'"}}, {"model": "mailing.attempt", "pk": 66, "fields": {"mailing": 11, "time_of_sent": "2023-06-28T18:20:05.138Z", "status": "not_delivered", "response": "'Mailing' object has no attribute 'comment'"}}, {"model": "mailing.attempt", "pk": 67, "fields": {"mailing": 19, "time_of_sent": "2023-06-28T18:20:05.139Z", "status": "not_delivered", "response": "'Mailing' object has no attribute 'comment'"}}, {"model": "mailing.attempt", "pk": 68, "fields": {"mailing": 5, "time_of_sent": "2023-06-28T18:22:20.007Z", "status": "not_delivered", "response": "'Mailing' object has no attribute 'comment'"}}, {"model": "mailing.attempt", "pk": 69, "fields": {"mailing": 5, "time_of_sent": "2023-06-28T18:22:20.009Z", "status": "not_delivered", "response": "'Mailing' object has no attribute 'comment'"}}, {"model": "mailing.attempt", "pk": 70, "fields": {"mailing": 6, "time_of_sent": "2023-06-28T18:22:20.011Z", "status": "not_delivered", "response": "'Mailing' object has no attribute 'comment'"}}, {"model": "mailing.attempt", "pk": 71, "fields": {"mailing": 6, "time_of_sent": "2023-06-28T18:22:20.011Z", "status": "not_delivered", "response": "'Mailing' object has no attribute 'comment'"}}, {"model": "mailing.attempt", "pk": 72, "fields": {"mailing": 6, "time_of_sent": "2023-06-28T18:22:20.012Z", "status": "not_delivered", "response": "'Mailing' object has no attribute 'comment'"}}, {"model": "mailing.attempt", "pk": 73, "fields": {"mailing": 7, "time_of_sent": "2023-06-28T18:22:20.013Z", "status": "not_delivered", "response": "'Mailing' object has no attribute 'comment'"}}, {"model": "mailing.attempt", "pk": 74, "fields": {"mailing": 7, "time_of_sent": "2023-06-28T18:22:20.014Z", "status": "not_delivered", "response": "'Mailing' object has no attribute 'comment'"}}, {"model": "mailing.attempt", "pk": 83, "fields": {"mailing": 11, "time_of_sent": "2023-06-28T18:22:20.022Z", "status": "not_delivered", "response": "'Mailing' object has no attribute 'comment'"}}, {"model": "mailing.attempt", "pk": 84, "fields": {"mailing": 19, "time_of_sent": "2023-06-28T18:22:20.023Z", "status": "not_delivered", "response": "'Mailing' object has no attribute 'comment'"}}, {"model": "mailing.attempt", "pk": 85, "fields": {"mailing": 5, "time_of_sent": "2023-06-28T18:27:55.799Z", "status": "not_delivered", "response": "'Mailing' object has no attribute 'comment'"}}, {"model": "mailing.attempt", "pk": 86, "fields": {"mailing": 5, "time_of_sent": "2023-06-28T18:27:55.802Z", "status": "not_delivered", "response": "'Mailing' object has no attribute 'comment'"}}, {"model": "mailing.attempt", "pk": 87, "fields": {"mailing": 6, "time_of_sent": "2023-06-28T18:27:55.804Z", "status": "not_delivered", "response": "'Mailing' object has no attribute 'comment'"}}, {"model": "mailing.attempt", "pk": 88, "fields": {"mailing": 6, "time_of_sent": "2023-06-28T18:27:55.805Z", "status": "not_delivered", "response": "'Mailing' object has no attribute 'comment'"}}, {"model": "mailing.attempt", "pk": 89, "fields": {"mailing": 6, "time_of_sent": "2023-06-28T18:27:55.805Z", "status": "not_delivered", "response": "'Mailing' object has no attribute 'comment'"}}, {"model": "mailing.attempt", "pk": 90, "fields": {"mailing": 7, "time_of_sent": "2023-06-28T18:27:55.807Z", "status": "not_delivered", "response": "'Mailing' object has no attribute 'comment'"}}, {"model": "mailing.attempt", "pk": 91, "fields": {"mailing": 7, "time_of_sent": "2023-06-28T18:27:55.807Z", "status": "not_delivered", "response": "'Mailing' object has no attribute 'comment'"}}, {"model": "mailing.attempt", "pk": 100, "fields": {"mailing": 11, "time_of_sent": "2023-06-28T18:27:55.817Z", "status": "not_delivered", "response": "'Mailing' object has no attribute 'comment'"}}, {"model": "mailing.attempt", "pk": 101, "fields": {"mailing": 19, "time_of_sent": "2023-06-28T18:27:55.818Z", "status": "not_delivered", "response": "'Mailing' object has no attribute 'comment'"}}, {"model": "mailing.attempt", "pk": 102, "fields": {"mailing": 5, "time_of_sent": "2023-06-28T18:30:55.789Z", "status": "not_delivered", "response": "'Mailing' object has no attribute 'message'"}}, {"model": "mailing.attempt", "pk": 103, "fields": {"mailing": 5, "time_of_sent": "2023-06-28T18:30:55.791Z", "status": "not_delivered", "response": "'Mailing' object has no attribute 'message'"}}, {"model": "mailing.attempt", "pk": 104, "fields": {"mailing": 6, "time_of_sent": "2023-06-28T18:30:55.793Z", "status": "not_delivered", "response": "'Mailing' object has no attribute 'message'"}}, {"model": "mailing.attempt", "pk": 105, "fields": {"mailing": 6, "time_of_sent": "2023-06-28T18:30:55.793Z", "status": "not_delivered", "response": "'Mailing' object has no attribute 'message'"}}, {"model": "mailing.attempt", "pk": 106, "fields": {"mailing": 6, "time_of_sent": "2023-06-28T18:30:55.794Z", "status": "not_delivered", "response": "'Mailing' object has no attribute 'message'"}}, {"model": "mailing.attempt", "pk": 107, "fields": {"mailing": 7, "time_of_sent": "2023-06-28T18:30:55.795Z", "status": "not_delivered", "response": "'Mailing' object has no attribute 'message'"}}, {"model": "mailing.attempt", "pk": 108, "fields": {"mailing": 7, "time_of_sent": "2023-06-28T18:30:55.796Z", "status": "not_delivered", "response": "'Mailing' object has no attribute 'message'"}}, {"model": "mailing.attempt", "pk": 117, "fields": {"mailing": 11, "time_of_sent": "2023-06-28T18:30:55.804Z", "status": "not_delivered", "response": "'Mailing' object has no attribute 'message'"}}, {"model": "mailing.attempt", "pk": 118, "fields": {"mailing": 19, "time_of_sent": "2023-06-28T18:30:55.805Z", "status": "not_delivered", "response": "'Mailing' object has no attribute 'message'"}}, {"model": "mailing.attempt", "pk": 119, "fields": {"mailing": 5, "time_of_sent": "2023-06-28T18:33:24.313Z", "status": "not_delivered", "response": "get() returned more than one Message -- it returned 6!"}}, {"model": "mailing.attempt", "pk": 120, "fields": {"mailing": 5, "time_of_sent": "2023-06-28T18:33:24.315Z", "status": "not_delivered", "response": "get() returned more than one Message -- it returned 6!"}}, {"model": "mailing.attempt", "pk": 121, "fields": {"mailing": 6, "time_of_sent": "2023-06-28T18:33:24.317Z", "status": "not_delivered", "response": "get() returned more than one Message -- it returned 6!"}}, {"model": "mailing.attempt", "pk": 122, "fields": {"mailing": 6, "time_of_sent": "2023-06-28T18:33:24.318Z", "status": "not_delivered", "response": "get() returned more than one Message -- it returned 6!"}}, {"model": "mailing.attempt", "pk": 123, "fields": {"mailing": 6, "time_of_sent": "2023-06-28T18:33:24.319Z", "status": "not_delivered", "response": "get() returned more than one Message -- it returned 6!"}}, {"model": "mailing.attempt", "pk": 124, "fields": {"mailing": 7, "time_of_sent": "2023-06-28T18:33:24.320Z", "status": "not_delivered", "response": "get() returned more than one Message -- it returned 6!"}}, {"model": "mailing.attempt", "pk": 125, "fields": {"mailing": 7, "time_of_sent": "2023-06-28T18:33:24.321Z", "status": "not_delivered", "response": "get() returned more than one Message -- it returned 6!"}}, {"model": "mailing.attempt", "pk": 134, "fields": {"mailing": 11, "time_of_sent": "2023-06-28T18:33:24.331Z", "status": "not_delivered", "response": "get() returned more than one Message -- it returned 6!"}}, {"model": "mailing.attempt", "pk": 135, "fields": {"mailing": 19, "time_of_sent": "2023-06-28T18:33:24.332Z", "status": "not_delivered", "response": "get() returned more than one Message -- it returned 6!"}}, {"model": "mailing.attempt", "pk": 136, "fields": {"mailing": 5, "time_of_sent": "2023-06-28T18:33:53.122Z", "status": "not_delivered", "response": "'Mailing' object has no attribute 'comment'"}}, {"model": "mailing.attempt", "pk": 137, "fields": {"mailing": 5, "time_of_sent": "2023-06-28T18:33:53.124Z", "status": "not_delivered", "response": "'Mailing' object has no attribute 'comment'"}}, {"model": "mailing.attempt", "pk": 138, "fields": {"mailing": 6, "time_of_sent": "2023-06-28T18:33:53.126Z", "status": "not_delivered", "response": "'Mailing' object has no attribute 'comment'"}}, {"model": "mailing.attempt", "pk": 139, "fields": {"mailing": 6, "time_of_sent": "2023-06-28T18:33:53.127Z", "status": "not_delivered", "response": "'Mailing' object has no attribute 'comment'"}}, {"model": "mailing.attempt", "pk": 140, "fields": {"mailing": 6, "time_of_sent": "2023-06-28T18:33:53.129Z", "status": "not_delivered", "response": "'Mailing' object has no attribute 'comment'"}}, {"model": "mailing.attempt", "pk": 141, "fields": {"mailing": 7, "time_of_sent": "2023-06-28T18:33:53.130Z", "status": "not_delivered", "response": "Message matching query does not exist."}}, {"model": "mailing.attempt", "pk": 142, "fields": {"mailing": 7, "time_of_sent": "2023-06-28T18:33:53.131Z", "status": "not_delivered", "response": "Message matching query does not exist."}}, {"model": "mailing.attempt", "pk": 151, "fields": {"mailing": 11, "time_of_sent": "2023-06-28T18:33:53.143Z", "status": "not_delivered", "response": "'Mailing' object has no attribute 'comment'"}}, {"model": "mailing.attempt", "pk": 152, "fields": {"mailing": 19, "time_of_sent": "2023-06-28T18:33:53.145Z", "status": "not_delivered", "response": "'Mailing' object has no attribute 'comment'"}}, {"model": "mailing.attempt", "pk": 153, "fields": {"mailing": 5, "time_of_sent": "2023-06-28T18:35:14.843Z", "status": "delivered", "response": null}}, {"model": "mailing.attempt", "pk": 154, "fields": {"mailing": 5, "time_of_sent": "2023-06-28T18:35:14.846Z", "status": "delivered", "response": null}}, {"model": "mailing.attempt", "pk": 155, "fields": {"mailing": 6, "time_of_sent": "2023-06-28T18:35:14.848Z", "status": "delivered", "response": null}}, {"model": "mailing.attempt", "pk": 156, "fields": {"mailing": 6, "time_of_sent": "2023-06-28T18:35:14.850Z", "status": "delivered", "response": null}}, {"model": "mailing.attempt", "pk": 157, "fields": {"mailing": 6, "time_of_sent": "2023-06-28T18:35:14.851Z", "status": "delivered", "response": null}}, {"model": "mailing.attempt", "pk": 158, "fields": {"mailing": 7, "time_of_sent": "2023-06-28T18:35:14.853Z", "status": "not_delivered", "response": "Message matching query does not exist."}}, {"model": "mailing.attempt", "pk": 159, "fields": {"mailing": 7, "time_of_sent": "2023-06-28T18:35:14.854Z", "status": "not_delivered", "response": "Message matching query does not exist."}}, {"model": "mailing.attempt", "pk": 168, "fields": {"mailing": 11, "time_of_sent": "2023-06-28T18:35:15.352Z", "status": "not_delivered", "response": "(554, b'5.7.1 Message rejected under suspicion of SPAM; https://ya.cc/1IrBc 1687977315-EZRHck1WseA0-KE7QeD0D')"}}, {"model": "mailing.attempt", "pk": 169, "fields": {"mailing": 19, "time_of_sent": "2023-06-28T18:35:15.620Z", "status": "delivered", "response": null}}, {"model": "mailing.attempt", "pk": 171, "fields": {"mailing": 11, "time_of_sent": "2023-06-28T19:44:00.385Z", "status": "delivered", "response": null}}, {"model": "mailing.attempt", "pk": 172, "fields": {"mailing": 19, "time_of_sent": "2023-06-28T19:44:00.708Z", "status": "delivered", "response": null}}, {"model": "mailing.attempt", "pk": 173, "fields": {"mailing": 5, "time_of_sent": "2023-07-02T19:09:23.780Z", "status": "delivered", "response": "Письмо успешно отправлено"}}, {"model": "mailing.attempt", "pk": 174, "fields": {"mailing": 6, "time_of_sent": "2023-07-02T19:09:24.126Z", "status": "delivered", "response": "Письмо успешно отправлено"}}, {"model": "mailing.attempt", "pk": 175, "fields": {"mailing": 7, "time_of_sent": "2023-07-02T19:09:24.139Z", "status": "not_delivered", "response": "Message matching query does not exist."}}, {"model": "mailing.attempt", "pk": 179, "fields": {"mailing": 11, "time_of_sent": "2023-07-02T19:09:24.526Z", "status": "delivered", "response": "Письмо успешно отправлено"}}, {"model": "mailing.attempt", "pk": 180, "fields": {"mailing": 19, "time_of_sent": "2023-07-02T19:09:24.850Z", "status": "delivered", "response": "Письмо успешно отправлено"}}, {"model": "mailing.attempt", "pk": 181, "fields": {"mailing": 20, "time_of_sent": "2023-07-02T19:09:24.862Z", "status": "not_delivered", "response": "Message matching query does not exist."}}, {"model": "mailing.attempt", "pk": 182, "fields": {"mailing": 20, "time_of_sent": "2023-07-02T19:09:24.865Z", "status": "not_delivered", "response": "Message matching query does not exist."}}, {"model": "mailing.attempt", "pk": 183, "fields": {"mailing": 5, "time_of_sent": "2023-07-02T19:18:22.923Z", "status": "delivered", "response": "Письмо успешно отправлено"}}, {"model": "mailing.attempt", "pk": 184, "fields": {"mailing": 6, "time_of_sent": "2023-07-02T19:18:23.221Z", "status": "delivered", "response": "Письмо успешно отправлено"}}, {"model": "mailing.attempt", "pk": 185, "fields": {"mailing": 7, "time_of_sent": "2023-07-02T19:18:23.233Z", "status": "not_delivered", "response": "Message matching query does not exist."}}, {"model": "mailing.attempt", "pk": 189, "fields": {"mailing": 20, "time_of_sent": "2023-07-02T19:18:23.555Z", "status": "delivered", "response": "Письмо успешно отправлено"}}, {"model": "mailing.attempt", "pk": 190, "fields": {"mailing": 20, "time_of_sent": "2023-07-02T19:18:23.953Z", "status": "not_delivered", "response": "(554, b'5.7.1 Message rejected under suspicion of SPAM; https://ya.cc/1IrBc 1688325505-OIWbI6ZDY4Y0-wdafbkpA')"}}]